metric,cnn,vit,difference_cnn_minus_vit
ROC-AUC,0.8818400258553316,0.885048346467165,-0.003208320611833404
PR-AUC,0.7003878293672396,0.6983977831595549,0.001990046207684726
Accuracy,0.8271296527604297,0.8118910816887335,0.015238571071696239
Precision,0.5959780621572212,0.5593625498007968,0.03661551235642435
Recall / Sensitivity,0.7228381374722838,0.7782705099778271,-0.05543237250554334
Specificity,0.8574653337633021,0.8216704288939052,0.03579490486939696
F1,0.6533066132264529,0.650904033379694,0.0024025798467588455
MCC,0.5440374529477808,0.5402968346264716,0.0037406183213092303
Brier Score,0.1466001085913857,0.1459913409866503,0.0006087676047354107
